ds,sales,orders,profit
2014-01-03,16.448,1,5.5512
2014-01-04,288.06,1,-65.9901
2014-01-05,19.536,1,4.884
2014-01-06,4407.1,3,1358.0524
2014-01-07,87.15799999999999,1,-71.9621
2014-01-08,0.0,0,0.0
2014-01-09,40.544,1,10.918
2014-01-10,54.83,1,22.6537
2014-01-11,9.94,1,3.0814
2014-01-12,0.0,0,0.0
2014-01-13,3553.795,4,673.6386
2014-01-14,61.96,1,-53.2856
2014-01-15,149.95,1,65.978
2014-01-16,299.964,1,-5.933499999999999
2014-01-17,0.0,0,0.0
2014-01-18,64.864,1,6.4864
2014-01-19,378.594,1,-287.9976
2014-01-20,2673.87,4,584.3695
2014-01-21,25.248,1,4.1028
2014-01-22,0.0,0,0.0
2014-01-23,46.019999999999996,2,19.2384
2014-01-24,0.0,0,0.0
2014-01-25,0.0,0,0.0
2014-01-26,1097.25,2,150.327
2014-01-27,426.67,1,9.6827
2014-01-28,3.928,1,1.3257
2014-01-29,0.0,0,0.0
2014-01-30,240.5,1,11.6502
2014-01-31,290.666,1,3.4196
2014-02-01,468.9,1,206.316
2014-02-02,211.64600000000002,2,7.152499999999999
2014-02-03,97.11200000000001,1,31.5614
2014-02-04,134.38400000000001,2,51.1432
2014-02-05,0.0,0,0.0
2014-02-06,330.512,2,76.4833
2014-02-07,180.32,2,59.3488
2014-02-08,14.56,1,5.5328
2014-02-09,0.0,0,0.0
2014-02-10,0.0,0,0.0
2014-02-11,2043.4,2,293.5285
2014-02-12,129.568,1,-24.294
2014-02-13,0.0,0,0.0
2014-02-14,576.726,2,120.1764
2014-02-15,21.36,1,7.209
2014-02-16,9.04,1,-15.658
2014-02-17,54.208,1,8.8088
2014-02-18,37.784,2,-13.846799999999998
2014-02-19,0.0,0,0.0
2014-02-20,95.59,2,35.5612
2014-02-21,8.85,1,-13.7175
2014-02-22,19.44,1,9.3312
2014-02-23,11.364,1,-4.522500000000001
2014-02-24,55.672,1,18.789299999999997
2014-02-25,0.0,0,0.0
2014-02-26,0.0,0,0.0
2014-02-27,19.456,1,3.4048
2014-02-28,0.0,0,0.0
2014-03-01,2203.151,5,-208.96140000000003
2014-03-02,202.384,2,56.0112
2014-03-03,1345.8919999999998,5,-629.7988999999999
2014-03-04,370.452,2,20.0778
2014-03-05,705.562,1,261.19010000000003
2014-03-06,0.0,0,0.0
2014-03-07,1561.062,3,134.1539
2014-03-08,0.0,0,0.0
2014-03-09,0.0,0,0.0
2014-03-10,741.956,2,4.188600000000001
2014-03-11,918.314,4,279.06100000000004
2014-03-12,0.0,0,0.0
2014-03-13,0.0,0,0.0
2014-03-14,2108.55,5,528.5024
2014-03-15,370.78200000000004,1,33.598
2014-03-16,471.92,1,29.495
2014-03-17,3960.358,5,-831.8572
2014-03-18,28106.716,3,-954.7089000000001
2014-03-19,590.762,1,68.6353
2014-03-20,0.0,0,0.0
2014-03-21,4109.816,4,1055.3735
2014-03-22,464.09299999999996,3,-50.9345
2014-03-23,945.064,2,126.9224
2014-03-24,65.38,2,26.2758
2014-03-25,459.146,2,96.6684
2014-03-26,145.13,3,30.7658
2014-03-27,0.0,0,0.0
2014-03-28,1823.8039999999999,3,-11.075400000000002
2014-03-29,890.841,1,-152.7156
2014-03-30,1170.3220000000001,6,232.7529
2014-03-31,1959.552,5,355.1097
2014-04-01,119.88799999999999,2,26.0896
2014-04-02,1458.558,3,407.39619999999996
2014-04-03,233.45,1,85.6044
2014-04-04,475.844,4,105.4521
2014-04-05,5295.098000000001,5,253.9044
2014-04-06,1650.69,5,299.5152
2014-04-07,1021.1700000000001,3,305.05600000000004
2014-04-08,1958.75,5,359.8481
2014-04-09,0.0,0,0.0
2014-04-10,0.0,0,0.0
2014-04-11,1915.24,4,523.2729
2014-04-12,1912.123,3,152.6581
2014-04-13,638.576,2,-384.7942
2014-04-14,0.0,0,0.0
2014-04-15,294.71999999999997,1,108.0
2014-04-16,39.072,1,9.768
2014-04-17,0.0,0,0.0
2014-04-18,1020.532,2,169.9374
2014-04-19,205.47,2,87.5664
2014-04-20,1250.45,2,-194.4528
2014-04-21,845.36,2,5.5755
2014-04-22,257.752,1,124.78689999999999
2014-04-23,643.98,3,-0.305299999999999
2014-04-24,0.0,0,0.0
2014-04-25,2379.9939999999997,3,332.8671
2014-04-26,282.568,2,40.745
2014-04-27,0.0,0,0.0
2014-04-28,2578.476,4,292.1672
2014-04-29,768.8439999999999,4,101.6814
2014-04-30,1048.74,2,276.49559999999997
2014-05-01,0.0,0,0.0
2014-05-02,506.12,2,91.9572
2014-05-03,72.632,2,28.8624
2014-05-04,187.43200000000002,4,58.5624
2014-05-05,260.977,4,34.5131
2014-05-06,254.456,2,85.7158
2014-05-07,1091.35,1,215.8138
2014-05-08,1799.97,1,239.996
2014-05-09,394.48,2,95.1736
2014-05-10,2343.799,3,57.82600000000002
2014-05-11,1642.802,5,-289.6088
2014-05-12,734.846,2,-119.22550000000001
2014-05-13,898.382,4,-242.28369999999995
2014-05-14,310.88,1,23.316
2014-05-15,0.0,0,0.0
2014-05-16,289.28,2,20.85
2014-05-17,91.68,1,45.84
2014-05-18,948.9480000000001,3,-158.00400000000002
2014-05-19,91.62,2,35.6472
2014-05-20,320.10400000000004,2,62.058099999999996
2014-05-21,4264.3279999999995,4,1719.5087
2014-05-22,180.93,1,46.580999999999996
2014-05-23,323.75800000000004,3,58.050200000000004
2014-05-24,116.28,1,56.9772
2014-05-25,119.53999999999999,2,-183.78379999999999
2014-05-26,1325.718,4,130.5086
2014-05-27,2157.394,3,111.54079999999999
2014-05-28,221.96800000000002,2,59.3088
2014-05-29,0.0,0,0.0
2014-05-30,1924.913,5,222.0358
2014-05-31,773.7,1,230.9727
2014-06-01,5188.5199999999995,4,1576.7509
2014-06-02,738.598,2,218.36079999999998
2014-06-03,741.336,3,96.10860000000001
2014-06-04,456.272,2,-6.493199999999999
2014-06-05,0.0,0,0.0
2014-06-06,1374.0010000000002,5,-265.2367
2014-06-07,281.397,2,-230.33159999999998
2014-06-08,2501.264,3,193.365
2014-06-09,5463.008,5,629.0289
2014-06-10,491.55,1,240.8595
2014-06-11,0.0,0,0.0
2014-06-12,0.0,0,0.0
2014-06-13,14.52,1,4.7916
2014-06-14,212.94,1,57.4938
2014-06-15,942.9739999999999,2,-78.24100000000001
2014-06-16,763.792,2,76.6876
2014-06-17,3418.5020000000004,3,1126.6297000000002
2014-06-18,139.8,1,12.2325
2014-06-19,0.0,0,0.0
2014-06-20,1828.9496,2,-62.9594
2014-06-21,4107.443,7,849.4221
2014-06-22,1975.498,4,40.2147
2014-06-23,109.49600000000001,2,3.1803000000000003
2014-06-24,4.272,1,0.9612
2014-06-25,792.76,2,49.7172
2014-06-26,0.0,0,0.0
2014-06-27,616.14,1,76.1052
2014-06-28,1645.791,2,109.76200000000001
2014-06-29,46.68,2,8.557500000000001
2014-06-30,739.624,6,249.5572
2014-07-01,601.0239999999999,2,75.33319999999999
2014-07-02,79.56,1,22.1508
2014-07-03,0.0,0,0.0
2014-07-04,247.40800000000002,2,83.9448
2014-07-05,1444.104,5,182.7936
2014-07-06,1038.472,2,222.84550000000002
2014-07-07,241.19400000000002,1,-34.6598
2014-07-08,763.0740000000001,2,-8.441999999999993
2014-07-09,265.521,3,57.2078
2014-07-10,0.0,0,0.0
2014-07-11,2187.206,4,537.7298000000001
2014-07-12,1960.012,5,88.45439999999999
2014-07-13,351.216,1,4.3902
2014-07-14,292.594,5,-31.101399999999998
2014-07-15,9.51,1,3.9882
2014-07-16,0.0,0,0.0
2014-07-17,0.0,0,0.0
2014-07-18,273.04,2,-21.3948
2014-07-19,461.326,2,103.20620000000001
2014-07-20,2285.786,5,162.1881
2014-07-21,1961.482,3,34.126000000000005
2014-07-22,1348.344,4,229.8348
2014-07-23,2613.1839999999997,3,267.4844
2014-07-24,0.0,0,0.0
2014-07-25,8341.289999999999,2,384.5084
2014-07-26,5039.994,5,-3570.971
2014-07-27,580.06,3,70.31219999999999
2014-07-28,193.152,1,34.6984
2014-07-29,0.0,0,0.0
2014-07-30,1367.84,1,259.8896
2014-07-31,0.0,0,0.0
2014-08-01,228.328,3,66.475
2014-08-02,886.28,1,248.02759999999998
2014-08-03,477.994,3,-76.7149
2014-08-04,2743.154,2,833.4829
2014-08-05,2408.7239999999997,5,504.1059
2014-08-06,262.89,2,106.6392
2014-08-07,0.0,0,0.0
2014-08-08,3955.629,5,1129.1342
2014-08-09,3605.6850000000004,6,700.8938
2014-08-10,0.0,0,0.0
2014-08-11,451.62,2,45.644400000000005
2014-08-12,1832.38,4,357.593
2014-08-13,0.0,0,0.0
2014-08-14,0.0,0,0.0
2014-08-15,842.7819999999999,4,118.18260000000001
2014-08-16,853.092,1,-227.4912
2014-08-17,500.342,2,193.18359999999998
2014-08-18,0.0,0,0.0
2014-08-19,1439.106,5,175.4619
2014-08-20,1838.722,2,569.8905
2014-08-21,0.0,0,0.0
2014-08-22,23.104,3,4.878699999999999
2014-08-23,565.224,4,160.4016
2014-08-24,59.74,3,20.1332
2014-08-25,1451.6499999999999,5,118.84229999999998
2014-08-26,366.81,3,92.0889
2014-08-27,2070.13,3,513.7323
2014-08-28,0.0,0,0.0
2014-08-29,832.3225,2,-376.4695
2014-08-30,121.24,1,21.485
2014-08-31,92.52,1,18.504
2014-09-01,469.436,3,85.9402
2014-09-02,3254.15,7,916.2512
2014-09-03,22.08,2,-4.4639999999999995
2014-09-04,0.0,0,0.0
2014-09-05,296.304,2,21.823
2014-09-06,100.36,1,39.6308
2014-09-07,3523.875,7,-481.2463
2014-09-08,14228.428,11,-1452.6877
2014-09-09,4043.5879999999997,6,16.361600000000088
2014-09-10,1855.2279999999998,3,259.62080000000003
2014-09-11,127.95,1,21.7515
2014-09-12,4904.66,6,600.8836
2014-09-13,1275.408,7,243.8237
2014-09-14,5023.716,6,1530.7599
2014-09-15,133.436,2,30.1722
2014-09-16,33.552,1,12.582
2014-09-17,820.523,5,233.52870000000001
2014-09-18,0.0,0,0.0
2014-09-19,9338.637,7,-1539.1441
2014-09-20,5335.968000000001,8,670.1014
2014-09-21,2679.652,7,877.4457
2014-09-22,1240.266,4,87.47569999999999
2014-09-23,10662.337000000001,7,4808.5975
2014-09-24,211.96,1,8.4784
2014-09-25,354.88880000000006,2,-87.5594
2014-09-26,1480.614,8,230.72660000000002
2014-09-27,773.4399999999999,2,123.10640000000001
2014-09-28,490.29200000000003,3,64.3686
2014-09-29,8109.07,5,890.2809
2014-09-30,987.532,6,119.4905
2014-10-01,4.71,1,0.0
2014-10-02,598.144,1,133.7632
2014-10-03,862.683,5,-65.4279
2014-10-04,728.7479999999999,3,45.0709
2014-10-05,191.9,2,46.483000000000004
2014-10-06,494.71,4,50.039500000000004
2014-10-07,237.35999999999999,2,31.855999999999998
2014-10-08,147.392,2,60.7518
2014-10-09,249.35999999999999,2,70.0043
2014-10-10,2049.386,5,169.95260000000002
2014-10-11,1381.164,5,110.6138
2014-10-12,58.53,2,12.877099999999999
2014-10-13,2212.182,4,454.1033
2014-10-14,4525.484,4,1059.3591999999999
2014-10-15,206.72400000000002,2,-0.9321000000000002
2014-10-16,194.322,1,91.4088
2014-10-17,136.068,2,-36.838
2014-10-18,3134.916,4,606.1102
2014-10-19,641.104,3,124.5477
2014-10-20,1501.104,3,-65.9838
2014-10-21,1356.602,3,26.062300000000015
2014-10-22,223.808,2,23.303199999999997
2014-10-23,0.0,0,0.0
2014-10-24,56.49,3,18.5592
2014-10-25,103.882,2,9.4491
2014-10-26,447.88,1,41.592
2014-10-27,22.32,1,7.6626
2014-10-28,1510.5819999999999,2,93.4282
2014-10-29,2813.8120000000004,2,378.5486
2014-10-30,0.0,0,0.0
2014-10-31,5362.026,5,-48.10749999999993
2014-11-01,4732.08,9,663.3641
2014-11-02,2126.37,6,286.5754
2014-11-03,2784.163,8,-108.22129999999999
2014-11-04,6693.7480000000005,6,2443.392
2014-11-05,1694.564,4,-61.611599999999996
2014-11-06,43.68,1,20.9664
2014-11-07,1449.142,6,155.4863
2014-11-08,333.576,1,25.0182
2014-11-09,1574.094,2,222.6886
2014-11-10,2002.556,2,436.6331
2014-11-11,8114.548,9,-449.5310999999999
2014-11-12,1054.7612,5,79.634
2014-11-13,0.0,0,0.0
2014-11-14,1034.73,5,308.90680000000003
2014-11-15,1780.822,4,400.0781
2014-11-16,1355.9285,5,137.5582
2014-11-17,11544.274,7,1954.1346
2014-11-18,3406.855,9,-347.5227
2014-11-19,7226.086,7,1979.1982
2014-11-20,907.5600000000001,1,251.172
2014-11-21,1249.622,4,378.16990000000004
2014-11-22,1103.298,5,461.8921
2014-11-23,1363.28,7,-105.23839999999998
2014-11-24,5578.606,11,-97.35739999999998
2014-11-25,4415.695,6,148.62720000000002
2014-11-26,1705.99,5,-62.161199999999994
2014-11-27,203.66,2,41.296
2014-11-28,2280.83,7,12.473200000000002
2014-11-29,649.044,4,104.6772
2014-11-30,219.154,3,11.829
2014-12-01,5624.39,6,875.1448
2014-12-02,1771.808,6,111.3749
2014-12-03,505.88,2,146.8304
2014-12-04,129.98,1,62.3904
2014-12-05,2963.642,7,425.0408
2014-12-06,1970.978,5,-19.019000000000013
2014-12-07,548.4,4,201.78320000000002
2014-12-08,1095.12,4,125.9273
2014-12-09,1522.652,5,125.75130000000001
2014-12-10,573.336,2,101.14259999999999
2014-12-11,0.0,0,0.0
2014-12-12,4938.4045,5,-72.10079999999999
2014-12-13,293.152,5,8.731399999999997
2014-12-14,7641.658,5,2220.5215
2014-12-15,1264.466,4,-144.732
2014-12-16,4394.187,8,415.6424
2014-12-17,45.534,2,7.1924
2014-12-18,0.0,0,0.0
2014-12-19,3436.7599999999998,4,356.95689999999996
2014-12-20,6962.4400000000005,10,1557.0102
2014-12-21,1933.44,3,178.26479999999998
2014-12-22,798.968,4,183.12109999999998
2014-12-23,942.108,4,67.3794
2014-12-24,1950.202,5,264.308
2014-12-25,0.0,0,0.0
2014-12-26,2041.414,7,-3.5973999999999933
2014-12-27,2966.388,9,-336.32509999999996
2014-12-28,3732.2960000000003,3,706.8574
2014-12-29,2072.096,7,568.0095
2014-12-30,2172.6510000000003,7,-594.5496
2014-12-31,5253.2699999999995,7,1444.5131
2015-01-01,0.0,0,0.0
2015-01-02,1932.096,2,-1161.5484
2015-01-03,1768.2215999999999,2,-348.45779999999996
2015-01-04,264.46000000000004,2,104.67240000000001
2015-01-05,295.272,3,62.5086
2015-01-06,31.538,1,7.8934
2015-01-07,0.0,0,0.0
2015-01-08,0.0,0,0.0
2015-01-09,364.07,1,131.0797
2015-01-10,1018.104,1,-373.3048
2015-01-11,0.0,0,0.0
2015-01-12,854.614,2,62.80479999999999
2015-01-13,622.278,2,160.3086
2015-01-14,0.0,0,0.0
2015-01-15,0.0,0,0.0
2015-01-16,0.0,0,0.0
2015-01-17,350.384,3,-300.0494
2015-01-18,0.0,0,0.0
2015-01-19,301.742,1,-21.712200000000003
2015-01-20,0.0,0,0.0
2015-01-21,0.0,0,0.0
2015-01-22,0.0,0,0.0
2015-01-23,43.66,1,20.8106
2015-01-24,13.12,1,2.132
2015-01-25,0.0,0,0.0
2015-01-26,182.72,1,84.0512
2015-01-27,3573.252,2,-191.64319999999998
2015-01-28,4297.644,1,-1862.3124
2015-01-29,0.0,0,0.0
2015-01-30,2161.6400000000003,2,302.8533
2015-01-31,99.26,1,38.9066
2015-02-01,0.0,0,0.0
2015-02-02,0.0,0,0.0
2015-02-03,492.836,5,157.4118
2015-02-04,0.0,0,0.0
2015-02-05,0.0,0,0.0
2015-02-06,2432.544,4,242.1172
2015-02-07,324.10999999999996,1,152.5909
2015-02-08,129.09199999999998,2,-19.1734
2015-02-09,785.5519999999999,4,102.3764
2015-02-10,77.24,1,7.724
2015-02-11,0.0,0,0.0
2015-02-12,0.0,0,0.0
2015-02-13,0.0,0,0.0
2015-02-14,1079.962,2,104.53889999999998
2015-02-15,1602.38,2,477.3456
2015-02-16,160.43,2,74.6845
2015-02-17,0.0,0,0.0
2015-02-18,105.844,2,31.6342
2015-02-19,0.0,0,0.0
2015-02-20,316.78000000000003,2,77.56439999999999
2015-02-21,2591.1,2,1294.0764
2015-02-22,79.36,1,20.6336
2015-02-23,37.775999999999996,1,10.5336
2015-02-24,0.0,0,0.0
2015-02-25,25.869999999999997,1,11.736
2015-02-26,0.0,0,0.0
2015-02-27,1159.2710000000002,3,52.49029999999999
2015-02-28,551.264,1,15.566400000000002
2015-03-01,1642.1743999999999,5,12.718199999999989
2015-03-02,899.5699999999999,2,218.9629
2015-03-03,0.0,0,0.0
2015-03-04,0.0,0,0.0
2015-03-05,1969.267,7,-417.895
2015-03-06,1555.244,1,473.7518
2015-03-07,807.54,1,271.4153
2015-03-08,2563.2960000000003,4,592.3805
2015-03-09,478.008,2,53.9619
2015-03-10,90.93199999999999,2,23.2592
2015-03-11,0.0,0,0.0
2015-03-12,51.016000000000005,2,9.998
2015-03-13,1384.856,2,234.4744
2015-03-14,707.9000000000001,2,332.7422
2015-03-15,16.776,1,1.6776
2015-03-16,7230.209999999999,6,3508.0308999999997
2015-03-17,48.84,1,11.834999999999999
2015-03-18,0.0,0,0.0
2015-03-19,5652.9396,7,1982.1858000000002
2015-03-20,1548.194,4,485.71540000000005
2015-03-21,1270.3790000000001,1,242.5149
2015-03-22,2481.424,5,270.79810000000003
2015-03-23,633.302,4,181.08280000000002
2015-03-24,412.95,3,-22.2494
2015-03-25,0.0,0,0.0
2015-03-26,4623.37,4,937.2579999999999
2015-03-27,83.7,1,3.348
2015-03-28,243.344,3,59.3424
2015-03-29,1559.0800000000002,5,296.8998
2015-03-30,571.224,2,-87.9252
2015-03-31,200.716,2,55.8143
2015-04-01,0.0,0,0.0
2015-04-02,299.22,4,-35.82450000000001
2015-04-03,0.0,0,0.0
2015-04-04,1484.598,2,384.4765
2015-04-05,2974.058,5,-243.8141
2015-04-06,140.004,2,-0.17039999999999722
2015-04-07,907.436,3,-1113.9491
2015-04-08,0.0,0,0.0
2015-04-09,757.992,3,133.5327
2015-04-10,169.54199999999997,2,48.696299999999994
2015-04-11,1328.346,3,423.987
2015-04-12,40.74,1,0.4074
2015-04-13,3192.6780000000003,8,-38.72819999999999
2015-04-14,35.208,1,2.6406
2015-04-15,0.0,0,0.0
2015-04-16,4161.972,5,815.8418
2015-04-17,2745.106,2,686.5088999999999
2015-04-18,2006.96,6,214.8503
2015-04-19,329.96,1,-564.9804
2015-04-20,1194.726,3,507.1407
2015-04-21,893.0899999999999,1,228.89280000000002
2015-04-22,152.916,1,24.444300000000002
2015-04-23,0.0,0,0.0
2015-04-24,25.99,1,7.5371
2015-04-25,920.946,5,118.58120000000001
2015-04-26,2090.1055,4,-134.89960000000002
2015-04-27,2719.59,2,978.3104999999999
2015-04-28,4044.3619999999996,2,1911.4570999999999
2015-04-29,7.968,1,2.8884
2015-04-30,1571.695,4,-170.3311
2015-05-01,450.94,3,66.2234
2015-05-02,167.232,1,16.8468
2015-05-03,2198.76,4,255.4643
2015-05-04,1121.362,4,157.50220000000002
2015-05-05,0.0,0,0.0
2015-05-06,0.0,0,0.0
2015-05-07,305.622,2,-4.981000000000002
2015-05-08,3981.968,5,1241.9831
2015-05-09,48.81,1,23.9169
2015-05-10,154.442,2,-190.8586
2015-05-11,191.968,1,16.7972
2015-05-12,1060.35,5,147.6039
2015-05-13,238.384,1,22.278799999999997
2015-05-14,3141.1994999999997,3,320.8918
2015-05-15,69.908,2,-1.6029999999999998
2015-05-16,255.968,1,31.996
2015-05-17,134.46800000000002,2,-13.745200000000004
2015-05-18,10.86,1,5.3214
2015-05-19,0.0,0,0.0
2015-05-20,169.54399999999998,1,15.479199999999999
2015-05-21,72.332,3,-62.22239999999999
2015-05-22,3862.0980000000004,1,425.8189
2015-05-23,1304.956,4,367.8272
2015-05-24,610.3069999999999,1,-176.59189999999998
2015-05-25,1739.4180000000001,5,265.8343
2015-05-26,982.5640000000001,3,9.36
2015-05-27,0.0,0,0.0
2015-05-28,794.146,4,244.0794
2015-05-29,1204.842,4,166.11509999999998
2015-05-30,681.1,2,87.6252
2015-05-31,5178.138,8,1228.906
2015-06-01,834.1980000000001,3,300.47860000000003
2015-06-02,0.0,0,0.0
2015-06-03,0.0,0,0.0
2015-06-04,1192.31,3,464.8084
2015-06-05,1533.1979999999999,2,173.934
2015-06-06,0.0,0,0.0
2015-06-07,59.768,2,0.49799999999999867
2015-06-08,1083.112,2,-296.34939999999995
2015-06-09,797.116,4,86.0064
2015-06-10,0.0,0,0.0
2015-06-11,3373.5640000000003,2,-60.60040000000001
2015-06-12,174.476,4,27.745800000000003
2015-06-13,1128.898,5,395.69410000000005
2015-06-14,51.072,1,5.1072
2015-06-15,734.144,3,-20.1443
2015-06-16,3443.904,3,1173.3926
2015-06-17,0.0,0,0.0
2015-06-18,1883.087,5,344.1388
2015-06-19,446.346,4,101.6172
2015-06-20,829.544,3,255.459
2015-06-21,107.976,1,37.7916
2015-06-22,2018.953,3,-66.72129999999999
2015-06-23,836.9580000000001,3,154.5192
2015-06-24,0.0,0,0.0
2015-06-25,857.08,4,88.38629999999999
2015-06-26,1592.1960000000001,4,308.0027
2015-06-27,0.0,0,0.0
2015-06-28,1386.466,3,-225.4028
2015-06-29,432.92600000000004,4,87.1955
2015-06-30,0.0,0,0.0
2015-07-01,0.0,0,0.0
2015-07-02,1631.902,5,-50.82449999999999
2015-07-03,823.982,2,179.01670000000001
2015-07-04,1138.288,3,297.9044
2015-07-05,121.646,4,8.635100000000001
2015-07-06,1379.812,4,275.76300000000003
2015-07-07,0.0,0,0.0
2015-07-08,21.12,1,6.6
2015-07-09,1587.114,5,416.8136
2015-07-10,43.286,2,10.73
2015-07-11,1941.952,3,268.62969999999996
2015-07-12,2052.567,2,140.7015
2015-07-13,2033.2559999999999,3,282.9552
2015-07-14,860.9159999999999,1,-200.0
2015-07-15,0.0,0,0.0
2015-07-16,3029.386,3,203.53549999999998
2015-07-17,448.082,3,-2.536199999999999
2015-07-18,672.418,3,218.4631
2015-07-19,2.025,1,-1.35
2015-07-20,2693.168,2,109.84819999999999
2015-07-21,0.0,0,0.0
2015-07-22,0.0,0,0.0
2015-07-23,208.272,2,74.601
2015-07-24,525.95,1,174.0094
2015-07-25,2395.024,4,200.3711
2015-07-26,969.225,5,-71.34029999999998
2015-07-27,29.97,1,0.2997
2015-07-28,0.0,0,0.0
2015-07-29,0.0,0,0.0
2015-07-30,443.802,3,143.9366
2015-07-31,3712.162,3,601.8855
2015-08-01,1011.696,1,-172.5108
2015-08-02,1290.478,3,-37.160499999999985
2015-08-03,0.0,0,0.0
2015-08-04,0.0,0,0.0
2015-08-05,72.65,1,-19.77
2015-08-06,494.86920000000003,2,-81.3505
2015-08-07,968.206,6,245.8333
2015-08-08,840.102,3,300.0444
2015-08-09,4878.392000000001,5,1061.5805
2015-08-10,851.4739999999999,3,85.2067
2015-08-11,196.112,2,49.7245
2015-08-12,0.0,0,0.0
2015-08-13,586.896,6,55.8385
2015-08-14,0.0,0,0.0
2015-08-15,497.59000000000003,2,108.5013
2015-08-16,3378.9320000000002,3,1.612099999999998
2015-08-17,381.64,2,0.48239999999999483
2015-08-18,0.0,0,0.0
2015-08-19,0.0,0,0.0
2015-08-20,0.0,0,0.0
2015-08-21,2827.52,5,-147.18779999999998
2015-08-22,66.632,2,23.8856
2015-08-23,1202.278,2,359.4773
2015-08-24,7194.775000000001,6,1469.2684
2015-08-25,178.52599999999998,2,7.6544000000000025
2015-08-26,0.0,0,0.0
2015-08-27,639.9739999999999,3,156.9759
2015-08-28,6491.293,4,1420.1491999999998
2015-08-29,246.5,1,47.0866
2015-08-30,0.0,0,0.0
2015-08-31,2601.797,4,420.4669
2015-09-01,2367.564,2,751.9428
2015-09-02,0.0,0,0.0
2015-09-03,1874.898,8,182.8788
2015-09-04,1071.284,4,252.03900000000002
2015-09-05,934.1030000000001,4,-31.056399999999996
2015-09-06,1005.654,8,301.3426
2015-09-07,2922.667,7,-39.06219999999999
2015-09-08,89.64,2,20.834400000000002
2015-09-09,0.0,0,0.0
2015-09-10,1415.726,7,283.659
2015-09-11,1962.13,5,467.95910000000003
2015-09-12,707.824,3,119.3676
2015-09-13,3445.772,6,705.9921
2015-09-14,3262.42,5,720.4735000000001
2015-09-15,2535.85,5,539.7909999999999
2015-09-16,31.12,1,14.6264
2015-09-17,11525.006,7,-1194.2832
2015-09-18,3924.32,6,778.9322
2015-09-19,500.38,6,194.7992
2015-09-20,1836.052,5,-905.3418
2015-09-21,6982.058,7,1297.1822
2015-09-22,1783.504,5,29.083499999999994
2015-09-23,0.0,0,0.0
2015-09-24,4220.594,10,1176.435
2015-09-25,3033.757,11,858.6825
2015-09-26,3722.273,7,672.7522
2015-09-27,2382.958,5,722.861
2015-09-28,1058.364,4,287.2722
2015-09-29,0.0,0,0.0
2015-09-30,0.0,0,0.0
2015-10-01,1158.414,4,169.7002
2015-10-02,1269.266,9,290.7676
2015-10-03,275.218,3,-20.209200000000003
2015-10-04,505.58,3,63.985
2015-10-05,851.092,5,-21.2928
2015-10-06,0.0,0,0.0
2015-10-07,0.0,0,0.0
2015-10-08,222.12,3,-7.664499999999997
2015-10-09,2133.5350000000003,5,561.5941
2015-10-10,2248.194,4,-354.44759999999997
2015-10-11,1011.8955,2,-378.2781
2015-10-12,2390.758,4,312.5428
2015-10-13,371.65999999999997,1,101.18539999999999
2015-10-14,0.0,0,0.0
2015-10-15,3219.554,5,-332.0803
2015-10-16,824.97,1,214.4922
2015-10-17,77.88,1,3.894
2015-10-18,378.494,2,-155.4814
2015-10-19,2135.09,4,633.5718
2015-10-20,720.086,3,155.3014
2015-10-21,0.0,0,0.0
2015-10-22,15.128,2,-6.768800000000001
2015-10-23,2262.296,5,352.1441
2015-10-24,831.145,3,-140.5054
2015-10-25,1425.412,4,96.3891
2015-10-26,1395.333,3,-59.06619999999998
2015-10-27,0.0,0,0.0
2015-10-28,104.51,1,36.8692
2015-10-29,244.24,1,119.3436
2015-10-30,2122.044,4,550.7929
2015-10-31,3211.009,5,630.5869
2015-11-01,3106.1059999999998,7,922.0565
2015-11-02,5528.551,7,759.3803000000001
2015-11-03,2800.846,3,371.9472
2015-11-04,0.0,0,0.0
2015-11-05,834.874,7,113.243
2015-11-06,11.481,1,-1.0427999999999997
2015-11-07,3073.073,7,-957.6868000000001
2015-11-08,12196.997,11,4006.6367
2015-11-09,4620.2919999999995,6,1442.5109
2015-11-10,3536.904,4,929.965
2015-11-11,542.178,1,163.9204
2015-11-12,1127.992,4,23.462500000000006
2015-11-13,3591.0771999999997,10,205.9851
2015-11-14,2512.71,6,573.2891
2015-11-15,702.17,4,-37.52529999999999
2015-11-16,4072.334,5,884.1846
2015-11-17,3885.986,3,617.7707
2015-11-18,0.0,0,0.0
2015-11-19,1040.784,3,283.25960000000003
2015-11-20,2861.15,13,-224.60039999999998
2015-11-21,3613.5748,8,-209.56779999999998
2015-11-22,614.499,9,-68.5681
2015-11-23,3450.1879999999996,3,960.7959999999999
2015-11-24,1218.7640000000001,3,388.796
2015-11-25,13.12,1,1.476
2015-11-26,1484.0819999999999,3,492.1915
2015-11-27,3109.7835,8,62.72519999999997
2015-11-28,1864.482,8,118.693
2015-11-29,2760.168,5,578.8302
2015-11-30,1798.3970000000002,8,72.6601
2015-12-01,7130.594,7,953.109
2015-12-02,0.0,0,0.0
2015-12-03,1972.645,7,-105.91659999999997
2015-12-04,5185.814,7,-182.66040000000012
2015-12-05,897.322,8,217.53660000000002
2015-12-06,6061.502,12,931.106
2015-12-07,1338.298,5,382.4588
2015-12-08,2672.728,4,342.77450000000005
2015-12-09,34.02,1,16.6698
2015-12-10,3080.38,8,761.9428
2015-12-11,1590.894,7,-70.1326
2015-12-12,1448.854,8,390.1145
2015-12-13,1023.386,4,175.9253
2015-12-14,858.304,8,132.4591
2015-12-15,5494.796,4,-1524.4945
2015-12-16,4.98,1,2.3406
2015-12-17,1918.492,3,327.5589
2015-12-18,935.288,5,-84.30699999999999
2015-12-19,6120.656,7,1201.565
2015-12-20,1107.464,8,66.4668
2015-12-21,3257.7599999999998,6,679.7548
2015-12-22,473.313,2,6.6432
2015-12-23,194.32,1,56.3528
2015-12-24,7484.566000000001,7,1414.2555999999997
2015-12-25,4204.968,8,906.1599
2015-12-26,561.486,4,4.522199999999998
2015-12-27,5148.4472,10,82.69459999999998
2015-12-28,79.2,2,2.9105999999999996
2015-12-29,6.36,1,0.0636
2015-12-30,3251.34,1,490.6038
2015-12-31,1381.344,5,438.4882
2016-01-01,0.0,0,0.0
2016-01-02,405.91999999999996,1,105.541
2016-01-03,2095.83,3,386.48600000000005
2016-01-04,1069.22,2,40.402
2016-01-05,255.904,1,46.4568
2016-01-06,0.0,0,0.0
2016-01-07,83.576,2,8.1391
2016-01-08,1859.1580000000001,2,449.1403
2016-01-09,743.0459999999999,2,264.498
2016-01-10,174.75,2,55.365300000000005
2016-01-11,149.444,2,25.083399999999997
2016-01-12,0.0,0,0.0
2016-01-13,0.0,0,0.0
2016-01-14,405.344,1,64.046
2016-01-15,701.923,4,196.1224
2016-01-16,102.21799999999999,1,15.996500000000001
2016-01-17,1040.55,2,176.2682
2016-01-18,0.0,0,0.0
2016-01-19,0.0,0,0.0
2016-01-20,0.0,0,0.0
2016-01-21,1167.056,1,70.25280000000001
2016-01-22,917.63,7,23.530900000000003
2016-01-23,1732.3,2,474.03679999999997
2016-01-24,31.36,1,15.68
2016-01-25,858.712,2,-65.8542
2016-01-26,0.0,0,0.0
2016-01-27,0.0,0,0.0
2016-01-28,39.68,1,10.3168
2016-01-29,0.0,0,0.0
2016-01-30,3107.316,5,-284.2246
2016-01-31,1601.5539999999999,4,747.5398
2016-02-01,161.97,2,63.2162
2016-02-02,8996.784,3,2753.7110000000002
2016-02-03,866.4,1,225.264
2016-02-04,197.868,3,31.1968
2016-02-05,2994.476,2,721.2766
2016-02-06,132.224,1,-18.1808
2016-02-07,762.142,3,74.2225
2016-02-08,1369.476,2,126.8973
2016-02-09,121.83,1,50.73779999999999
2016-02-10,0.0,0,0.0
2016-02-11,69.93,1,0.6993
2016-02-12,1366.04,1,182.99800000000002
2016-02-13,146.82,1,73.41
2016-02-14,837.921,2,30.374700000000004
2016-02-15,407.072,1,128.0602
2016-02-16,1135.638,4,-71.02680000000001
2016-02-17,0.0,0,0.0
2016-02-18,0.0,0,0.0
2016-02-19,392.65999999999997,3,68.4625
2016-02-20,16.496,1,5.5674
2016-02-21,1524.126,4,207.6645
2016-02-22,983.17,2,213.2609
2016-02-23,57.576,1,21.591
2016-02-24,0.0,0,0.0
2016-02-25,46.72,1,17.52
2016-02-26,0.0,0,0.0
2016-02-27,243.892,3,71.0836
2016-02-28,36.48,1,18.24
2016-02-29,111.104,1,8.3328
2016-03-01,6285.8060000000005,2,2267.4251
2016-03-02,0.0,0,0.0
2016-03-03,7264.422,6,-383.7433
2016-03-04,315.45,4,130.24790000000002
2016-03-05,162.344,1,49.594300000000004
2016-03-06,811.303,2,-389.1555
2016-03-07,21.072,1,1.5804
2016-03-08,2190.81,6,216.5398
2016-03-09,635.6,2,212.0786
2016-03-10,7879.734,5,745.8323
2016-03-11,896.0219999999999,4,162.76579999999998
2016-03-12,1694.6419999999998,4,167.7573
2016-03-13,8866.882,6,-543.3346
2016-03-14,669.3679999999999,5,6.704199999999999
2016-03-15,2356.808,4,61.35689999999997
2016-03-16,0.0,0,0.0
2016-03-17,2360.3340000000003,4,708.7041
2016-03-18,1061.682,2,-7.760999999999996
2016-03-19,138.68,3,-105.7262
2016-03-20,928.311,4,163.19510000000002
2016-03-21,645.7059999999999,2,-4.161
2016-03-22,226.46800000000002,2,34.0216
2016-03-23,0.0,0,0.0
2016-03-24,745.774,3,-204.0048
2016-03-25,1346.97,2,262.4715
2016-03-26,682.246,3,20.501699999999996
2016-03-27,92.69999999999999,1,35.8254
2016-03-28,125.30000000000001,2,11.6594
2016-03-29,2659.339,3,-8.992899999999999
2016-03-30,11.34,1,5.5566
2016-03-31,640.762,2,-4.970700000000008
2016-04-01,2161.48,7,485.77099999999996
2016-04-02,1454.9,1,378.274
2016-04-03,441.198,3,66.833
2016-04-04,970.194,3,256.3547
2016-04-05,1046.3339999999998,2,-177.3102
2016-04-06,1294.75,1,336.635
2016-04-07,1970.574,5,546.7635
2016-04-08,2906.404,8,-1680.9997
2016-04-09,1115.197,3,156.4469
2016-04-10,950.594,4,158.16819999999998
2016-04-11,0.0,0,0.0
2016-04-12,1542.53,4,59.4319
2016-04-13,6.12,1,2.8764
2016-04-14,1466.572,4,171.6586
2016-04-15,2201.8559999999998,4,63.0073
2016-04-16,9335.086000000001,4,2434.1032
2016-04-17,421.08500000000004,4,57.511399999999995
2016-04-18,2514.538,4,-61.6424
2016-04-19,1414.132,3,194.7754
2016-04-20,0.0,0,0.0
2016-04-21,271.616,3,-174.74280000000002
2016-04-22,1765.4650000000001,5,-826.5596
2016-04-23,720.368,4,244.18
2016-04-24,1607.1,3,218.48399999999998
2016-04-25,108.42,1,-37.9432
2016-04-26,434.646,1,62.7822
2016-04-27,0.0,0,0.0
2016-04-28,486.672,4,27.9565
2016-04-29,0.0,0,0.0
2016-04-30,142.208,3,14.999600000000001
2016-05-01,517.866,2,-75.2426
2016-05-02,1098.136,6,58.1074
2016-05-03,1099.013,2,-309.4466
2016-05-04,0.0,0,0.0
2016-05-05,2701.28,8,449.31120000000004
2016-05-06,236.96,4,49.6633
2016-05-07,4835.976,1,1322.131
2016-05-08,1340.2440000000001,3,154.6985
2016-05-09,1283.512,7,9.50859999999999
2016-05-10,763.0200000000001,3,-115.75080000000001
2016-05-11,5.98,1,2.691
2016-05-12,918.878,5,367.18829999999997
2016-05-13,0.0,0,0.0
2016-05-14,455.93,3,40.857499999999995
2016-05-15,648.9119999999999,4,273.3048
2016-05-16,880.4599999999999,3,41.601
2016-05-17,346.922,3,16.380900000000004
2016-05-18,122.22,1,34.8606
2016-05-19,1582.008,5,325.799
2016-05-20,2471.913,4,328.29929999999996
2016-05-21,2718.2140000000004,5,271.2109
2016-05-22,1799.2,3,386.2747
2016-05-23,10560.978000000001,4,1262.1899999999998
2016-05-24,277.756,2,115.4542
2016-05-25,1311.97,1,167.6508
2016-05-26,1975.356,6,70.63059999999999
2016-05-27,5305.078,3,989.5656
2016-05-28,2137.324,5,305.5458
2016-05-29,1063.185,2,291.9959
2016-05-30,8090.578,10,1777.9959000000001
2016-05-31,438.85900000000004,2,49.669599999999996
2016-06-01,0.0,0,0.0
2016-06-02,157.844,2,23.579600000000003
2016-06-03,71.088,1,-1.7772
2016-06-04,2316.5229999999997,3,-29.897700000000018
2016-06-05,659.82,4,121.3312
2016-06-06,6026.312,7,1049.4815
2016-06-07,51.562,3,22.9219
2016-06-08,0.0,0,0.0
2016-06-09,1688.4720000000002,4,179.1381
2016-06-10,1412.3960000000002,2,-183.5896
2016-06-11,1623.416,4,237.9551
2016-06-12,2962.563,8,282.5019
2016-06-13,430.43800000000005,3,114.93530000000001
2016-06-14,3457.099,6,326.6274
2016-06-15,173.488,1,54.215
2016-06-16,147.27499999999998,3,24.491
2016-06-17,3000.92,7,277.3227
2016-06-18,541.938,2,115.9074
2016-06-19,17.12,1,8.0464
2016-06-20,1229.548,6,153.8827
2016-06-21,577.108,2,27.759200000000003
2016-06-22,0.0,0,0.0
2016-06-23,2475.094,4,345.1115
2016-06-24,5310.952,4,720.6928
2016-06-25,893.266,3,-112.1216
2016-06-26,1919.6000000000001,9,428.856
2016-06-27,778.7059999999999,2,17.0654
2016-06-28,877.156,3,226.2909
2016-06-29,191.88,1,19.188
2016-06-30,1352.9499999999998,2,300.4632
2016-07-01,1724.376,4,545.6346
2016-07-02,772.786,3,37.1906
2016-07-03,847.6999999999999,3,242.94580000000002
2016-07-04,1651.301,2,293.19010000000003
2016-07-05,0.0,0,0.0
2016-07-06,0.0,0,0.0
2016-07-07,3882.2309999999998,6,1007.9792
2016-07-08,2616.512,5,243.60909999999998
2016-07-09,573.286,1,87.40960000000001
2016-07-10,895.895,4,-370.0612
2016-07-11,0.0,0,0.0
2016-07-12,95.76,1,7.182
2016-07-13,0.0,0,0.0
2016-07-14,2149.96,10,350.7695
2016-07-15,380.2,2,69.75399999999999
2016-07-16,910.17,4,-65.54599999999999
2016-07-17,2184.88,5,625.6817
2016-07-18,2891.858,6,99.531
2016-07-19,1536.454,2,500.51
2016-07-20,89.95,1,43.176
2016-07-21,991.095,4,205.74800000000002
2016-07-22,1368.048,5,276.6497
2016-07-23,654.587,4,-99.43889999999999
2016-07-24,326.964,2,52.2436
2016-07-25,5920.488,10,1109.2371
2016-07-26,0.0,0,0.0
2016-07-27,0.0,0,0.0
2016-07-28,2033.374,4,-1307.0702
2016-07-29,819.154,3,-12.0947
2016-07-30,1770.7759999999998,3,219.9664
2016-07-31,2174.1580000000004,2,268.6809
2016-08-01,1124.648,3,114.5336
2016-08-02,482.584,1,53.413799999999995
2016-08-03,248.82,1,61.742999999999995
2016-08-04,497.90999999999997,3,98.0654
2016-08-05,197.05,1,59.115
2016-08-06,320.38800000000003,3,67.5102
2016-08-07,179.97,1,86.3856
2016-08-08,1115.204,4,180.92660000000004
2016-08-09,661.3539999999999,2,67.22460000000001
2016-08-10,0.0,0,0.0
2016-08-11,151.82,1,70.48519999999999
2016-08-12,3951.9605,6,14.874599999999973
2016-08-13,731.524,5,-82.30520000000001
2016-08-14,923.688,3,-8.073799999999999
2016-08-15,1680.2659999999998,5,175.2732
2016-08-16,204.54000000000002,3,32.7522
2016-08-17,15.712,1,5.6956
2016-08-18,496.114,4,132.1081
2016-08-19,448.792,1,154.1413
2016-08-20,14.78,1,3.9906
2016-08-21,4798.2919999999995,5,18.43179999999998
2016-08-22,405.35,6,46.673
2016-08-23,4187.348,4,230.88450000000003
2016-08-24,0.0,0,0.0
2016-08-25,0.0,0,0.0
2016-08-26,4874.298,12,748.6752
2016-08-27,767.9110000000001,4,196.3329
2016-08-28,322.0248,3,-89.6447
2016-08-29,632.188,4,-121.17699999999999
2016-08-30,1656.8700000000001,2,-258.3628
2016-08-31,23.968,1,2.3968
2016-09-01,5766.152,6,1896.7402
2016-09-02,6792.193,10,750.1167
2016-09-03,2365.596,9,-755.7506
2016-09-04,4532.0419999999995,8,1464.5007999999998
2016-09-05,5226.348,19,425.51540000000006
2016-09-06,1313.536,5,204.6418
2016-09-07,0.0,0,0.0
2016-09-08,4493.9836000000005,10,-375.6300000000001
2016-09-09,84.992,3,12.161600000000004
2016-09-10,2094.324,6,250.43040000000002
2016-09-11,6501.586,9,1353.6502
2016-09-12,2043.792,6,452.80740000000003
2016-09-13,2374.73,1,696.2947
2016-09-14,1137.338,2,396.3846
2016-09-15,2101.1820000000002,5,601.9099000000001
2016-09-16,425.88599999999997,3,28.4618
2016-09-17,2043.126,9,492.82030000000003
2016-09-18,4751.082,8,359.346
2016-09-19,3839.312,9,936.4
2016-09-20,1232.004,5,377.3806
2016-09-21,0.0,0,0.0
2016-09-22,615.57,11,156.2421
2016-09-23,1322.145,7,92.7765
2016-09-24,2286.05,8,-556.9555
2016-09-25,3443.091,8,335.5552
2016-09-26,2698.1665,10,-415.53189999999995
2016-09-27,1992.9858,4,-88.5602
2016-09-28,99.136,1,30.98
2016-09-29,1307.792,8,235.4062
2016-09-30,525.884,2,-29.436600000000002
2016-10-01,781.414,5,-42.7895
2016-10-02,18452.972,3,8738.797100000002
2016-10-03,1680.696,4,224.53379999999999
2016-10-04,5912.782,4,2658.3198
2016-10-05,0.0,0,0.0
2016-10-06,830.4000000000001,2,-947.1071000000001
2016-10-07,973.712,5,79.408
2016-10-08,561.5360000000001,4,-51.990399999999994
2016-10-09,546.92,3,-34.4084
2016-10-10,282.75300000000004,3,-219.8989
2016-10-11,33.064,1,4.133
2016-10-12,0.0,0,0.0
2016-10-13,1650.618,4,-397.06269999999995
2016-10-14,3335.888,4,981.537
2016-10-15,1620.15,3,598.9409999999999
2016-10-16,142.182,1,-37.9152
2016-10-17,2953.346,4,1160.731
2016-10-18,307.92,1,-34.641
2016-10-19,0.0,0,0.0
2016-10-20,946.174,6,127.6613
2016-10-21,7951.592,12,1763.4706
2016-10-22,188.28,3,57.2658
2016-10-23,467.42199999999997,3,192.20020000000002
2016-10-24,1365.498,5,314.03589999999997
2016-10-25,783.96,1,78.396
2016-10-26,0.0,0,0.0
2016-10-27,978.7900000000001,5,237.815
2016-10-28,2899.0209999999997,8,255.01780000000002
2016-10-29,131.154,3,39.4184
2016-10-30,159.002,3,46.9478
2016-10-31,3750.4990000000003,5,450.3262
2016-11-01,453.374,3,149.3042
2016-11-02,0.0,0,0.0
2016-11-03,3802.7960000000003,8,696.3602000000001
2016-11-04,3888.8179999999998,10,-57.334900000000005
2016-11-05,4266.8988,9,62.055100000000024
2016-11-06,773.2560000000001,3,60.8782
2016-11-07,3810.464,11,635.1252
2016-11-08,993.9000000000001,1,261.49559999999997
2016-11-09,479.97,1,177.5889
2016-11-10,4723.478,14,1081.5284
2016-11-11,4944.296,9,496.0179
2016-11-12,4914.938,5,170.3252
2016-11-13,2945.138,9,789.1702
2016-11-14,2774.0620000000004,9,424.111
2016-11-15,2145.718,4,262.99010000000004
2016-11-16,36.72,2,16.156
2016-11-17,142.684,3,28.9717
2016-11-18,3958.9320000000002,8,781.102
2016-11-19,638.462,7,111.7505
2016-11-20,3070.333,10,508.7926
2016-11-21,1176.891,7,150.9536
2016-11-22,317.044,4,80.365
2016-11-23,100.61599999999999,1,18.6496
2016-11-24,6394.5380000000005,13,1246.1061
2016-11-25,7978.551,7,-6247.3969
2016-11-26,8329.743,9,1776.8757
2016-11-27,1651.239,8,209.4244
2016-11-28,3428.372,4,320.30299999999994
2016-11-29,300.592,2,-285.9254
2016-11-30,970.142,2,85.6643
2016-12-01,7365.455,12,1652.8648
2016-12-02,4684.616,7,992.4431999999999
2016-12-03,5269.816,6,1065.8562
2016-12-04,944.2860000000001,4,146.7888
2016-12-05,5267.004,10,1468.7368999999999
2016-12-06,3878.276,4,1017.2351
2016-12-07,0.0,0,0.0
2016-12-08,4709.095,8,146.9703
2016-12-09,1855.483,9,340.0393
2016-12-10,3459.71,8,1020.2983
2016-12-11,6102.25,9,425.9722
2016-12-12,1981.115,5,482.0632
2016-12-13,1194.088,3,72.15540000000001
2016-12-14,828.654,3,315.5413
2016-12-15,2637.087,5,27.61860000000001
2016-12-16,628.5419999999999,5,8.4637
2016-12-17,12185.134,5,4653.9969
2016-12-18,7051.35,9,727.4944
2016-12-19,815.1120000000001,4,-251.3853
2016-12-20,134.54,3,38.5308
2016-12-21,0.0,0,0.0
2016-12-22,1043.128,4,228.1434
2016-12-23,6965.857,8,1008.2604
2016-12-24,1938.26,5,323.5229
2016-12-25,10488.055,8,1393.3961
2016-12-26,1829.418,7,155.9416
2016-12-27,959.49,6,16.758599999999998
2016-12-28,0.0,0,0.0
2016-12-29,1277.68,8,192.4955
2016-12-30,773.774,6,146.8632
2016-12-31,731.768,5,68.2435
2017-01-01,1481.8280000000002,4,-181.41089999999997
2017-01-02,2079.554,3,-207.0473
2017-01-03,2070.272,2,704.2800000000001
2017-01-04,0.0,0,0.0
2017-01-05,0.0,0,0.0
2017-01-06,33.74,1,15.5204
2017-01-07,3395.59,3,758.7192
2017-01-08,892.98,1,80.3682
2017-01-09,274.491,1,-228.7425
2017-01-10,0.0,0,0.0
2017-01-11,0.0,0,0.0
2017-01-12,848.52,3,-1101.516
2017-01-13,4619.33,1,206.6524
2017-01-14,1056.038,5,208.8079
2017-01-15,2140.28,4,297.206
2017-01-16,6230.2919999999995,2,2595.203
2017-01-17,0.0,0,0.0
2017-01-18,0.0,0,0.0
2017-01-19,2013.715,3,55.40429999999999
2017-01-20,767.838,5,156.03199999999998
2017-01-21,2546.643,4,619.2187
2017-01-22,4212.372,2,1461.3511
2017-01-23,450.334,3,60.55
2017-01-24,418.66599999999994,2,105.0682
2017-01-25,0.0,0,0.0
2017-01-26,3055.2799999999997,4,803.9555
2017-01-27,331.914,2,1.6239000000000061
2017-01-28,1007.52,3,333.8478
2017-01-29,294.842,5,86.9031
2017-01-30,3749.335,6,308.4441
2017-01-31,0.0,0,0.0
2017-02-01,0.0,0,0.0
2017-02-02,913.354,3,170.677
2017-02-03,922.327,3,215.57
2017-02-04,32.67,1,8.4942
2017-02-05,2263.012,2,74.882
2017-02-06,904.354,4,204.3158
2017-02-07,0.0,0,0.0
2017-02-08,0.0,0,0.0
2017-02-09,773.7639999999999,3,-411.9726
2017-02-10,227.103,2,28.1274
2017-02-11,1241.516,4,130.1018
2017-02-12,0.0,0,0.0
2017-02-13,1058.43,4,424.3345
2017-02-14,0.0,0,0.0
2017-02-15,0.0,0,0.0
2017-02-16,1337.442,3,95.9756
2017-02-17,2964.8174,5,-383.5478
2017-02-18,287.326,1,62.4082
2017-02-19,1314.59,3,377.0515
2017-02-20,1150.29,4,-107.5121
2017-02-21,47.904,1,-2.994
2017-02-22,0.0,0,0.0
2017-02-23,117.79999999999998,2,42.37
2017-02-24,1448.676,2,249.3929
2017-02-25,430.49199999999996,2,-19.379800000000003
2017-02-26,2847.6459999999997,3,447.3532
2017-02-27,0.0,0,0.0
2017-02-28,17.62,1,8.2242
2017-03-01,0.0,0,0.0
2017-03-02,1450.126,6,244.0397
2017-03-03,2000.1039999999998,5,528.1881
2017-03-04,228.822,3,-33.9224
2017-03-05,1240.02,3,480.4513
2017-03-06,778.236,5,235.12599999999998
2017-03-07,166.59,2,56.1114
2017-03-08,843.1,2,243.448
2017-03-09,710.804,2,139.6285
2017-03-10,1252.952,5,-165.0196
2017-03-11,1973.708,3,224.69840000000002
2017-03-12,353.28,3,60.474
2017-03-13,4791.35,8,827.2755999999999
2017-03-14,49.616,1,4.9616
2017-03-15,0.0,0,0.0
2017-03-16,2014.381,4,182.3025
2017-03-17,542.746,4,129.7274
2017-03-18,1027.758,6,-250.1181
2017-03-19,2166.248,5,130.4093
2017-03-20,899.568,4,253.0645
2017-03-21,3332.636,6,912.2596
2017-03-22,0.0,0,0.0
2017-03-23,14816.068,6,6818.627600000001
2017-03-24,1257.298,4,340.2724
2017-03-25,3567.026,6,730.5126
2017-03-26,3252.88,5,426.56969999999995
2017-03-27,2933.516,4,128.5232
2017-03-28,1504.702,2,58.8642
2017-03-29,81.4,1,21.164
2017-03-30,656.407,5,222.0362
2017-03-31,4981.010799999999,8,1802.2158000000002
2017-04-01,5972.988,6,542.9408000000001
2017-04-02,822.97,4,215.8982
2017-04-03,32.528,2,9.8466
2017-04-04,808.47,4,110.1777
2017-04-05,0.0,0,0.0
2017-04-06,114.41999999999999,2,44.0304
2017-04-07,1971.2905,2,-341.1727
2017-04-08,6401.93,4,2276.8183
2017-04-09,1626.71,4,411.2821
2017-04-10,755.529,5,171.7842
2017-04-11,319.806,4,18.417
2017-04-12,69.66,1,31.347
2017-04-13,1345.8239999999998,3,268.2204
2017-04-14,652.93,5,33.600500000000004
2017-04-15,332.338,6,109.8951
2017-04-16,944.429,6,-45.439
2017-04-17,3431.4590000000003,4,-3403.495
2017-04-18,0.0,0,0.0
2017-04-19,0.0,0,0.0
2017-04-20,2033.24,5,22.754300000000008
2017-04-21,1254.564,5,27.60410000000001
2017-04-22,947.692,3,93.973
2017-04-23,1199.222,7,199.3172
2017-04-24,928.558,6,-12.036100000000001
2017-04-25,678.113,6,104.5849
2017-04-26,61.608000000000004,2,27.162300000000002
2017-04-27,576.5756,3,60.020599999999995
2017-04-28,795.296,3,91.36720000000001
2017-04-29,1053.26,2,-67.4841
2017-04-30,1390.1260000000002,12,-68.12500000000001
2017-05-01,4108.37,3,-453.8578
2017-05-02,399.11,3,110.3944
2017-05-03,1386.346,3,-80.1002
2017-05-04,1389.4050000000002,5,292.3293
2017-05-05,185.123,4,-122.56250000000001
2017-05-06,3183.3698,8,84.1948
2017-05-07,2549.468,3,649.4175
2017-05-08,3658.5540000000005,5,1061.3636
2017-05-09,1078.222,2,273.9624
2017-05-10,0.0,0,0.0
2017-05-11,449.469,4,-319.4249
2017-05-12,970.384,6,36.531
2017-05-13,3066.378,5,809.8532
2017-05-14,4182.062,7,1077.8878
2017-05-15,421.264,3,73.9747
2017-05-16,221.024,1,-55.256
2017-05-17,0.0,0,0.0
2017-05-18,1830.508,7,407.8936
2017-05-19,4919.182,10,1171.7753
2017-05-20,2997.578,4,273.2104
2017-05-21,538.02,1,78.0183
2017-05-22,336.56199999999995,4,-6.969499999999996
2017-05-23,241.436,2,-66.0777
2017-05-24,0.0,0,0.0
2017-05-25,886.026,3,230.33169999999998
2017-05-26,270.24,3,76.4496
2017-05-27,2084.908,6,384.4578
2017-05-28,1480.103,7,169.19639999999998
2017-05-29,691.108,4,110.42989999999999
2017-05-30,736.8904,5,75.1597
2017-05-31,0.0,0,0.0
2017-06-01,5058.362,5,1295.5061
2017-06-02,135.70600000000002,4,38.5265
2017-06-03,2952.036,6,384.1454
2017-06-04,279.414,6,66.7452
2017-06-05,491.11199999999997,2,60.174899999999994
2017-06-06,31.349999999999998,1,2.178
2017-06-07,0.0,0,0.0
2017-06-08,2227.038,6,134.16189999999997
2017-06-09,939.1329999999999,3,2.227300000000003
2017-06-10,2513.3430000000003,9,186.49229999999997
2017-06-11,1580.894,6,274.94120000000004
2017-06-12,1679.968,6,314.9144
2017-06-13,1156.018,3,-95.0222
2017-06-14,0.0,0,0.0
2017-06-15,4057.51,7,404.42179999999996
2017-06-16,2724.194,6,521.365
2017-06-17,3896.672,5,1696.4659
2017-06-18,1031.1555,2,117.87989999999999
2017-06-19,2115.941,7,-22.034600000000005
2017-06-20,1028.228,5,263.752
2017-06-21,595.656,2,230.95919999999998
2017-06-22,579.019,4,123.27860000000001
2017-06-23,0.0,0,0.0
2017-06-24,1287.614,7,-28.52340000000003
2017-06-25,1508.3519999999999,4,185.0875
2017-06-26,4224.136,9,705.2894
2017-06-27,1644.906,3,335.53589999999997
2017-06-28,0.0,0,0.0
2017-06-29,4521.9912,7,889.2002
2017-06-30,4721.977,8,135.66729999999998
2017-07-01,639.83,1,103.9546
2017-07-02,169.192,1,51.3259
2017-07-03,6963.4039999999995,12,1488.1451
2017-07-04,0.0,0,0.0
2017-07-05,476.35400000000004,2,-337.4099
2017-07-06,380.37800000000004,3,13.745399999999998
2017-07-07,1620.25,4,37.402899999999995
2017-07-08,1980.2640000000001,7,817.1376
2017-07-09,1671.214,5,164.11139999999997
2017-07-10,359.21399999999994,3,44.925
2017-07-11,1728.892,5,336.1681
2017-07-12,3.816,1,1.1925
2017-07-13,504.542,2,112.0167
2017-07-14,3598.9339999999997,2,-46.043899999999994
2017-07-15,2132.229,3,285.20520000000005
2017-07-16,316.636,3,15.0374
2017-07-17,2191.873,4,477.3142
2017-07-18,2106.794,2,-425.63980000000004
2017-07-19,0.0,0,0.0
2017-07-20,2283.208,4,727.2774
2017-07-21,3685.944,10,144.2286
2017-07-22,556.3140000000001,2,-61.10609999999999
2017-07-23,898.188,8,258.41179999999997
2017-07-24,2399.96,1,839.986
2017-07-25,798.742,4,-39.7968
2017-07-26,2012.3020000000001,1,705.274
2017-07-27,1142.68,4,211.57549999999998
2017-07-28,1170.5639999999999,1,108.05359999999999
2017-07-29,1391.294,6,367.4606
2017-07-30,523.376,3,87.9368
2017-07-31,1558.028,7,464.7314
2017-08-01,2085.65,5,-159.40619999999998
2017-08-02,0.0,0,0.0
2017-08-03,531.348,6,40.300900000000006
2017-08-04,20.07,2,0.4320000000000004
2017-08-05,503.676,3,170.42340000000002
2017-08-06,1424.026,4,419.7762
2017-08-07,3479.624,7,705.8854
2017-08-08,0.0,0,0.0
2017-08-09,0.0,0,0.0
2017-08-10,1823.0700000000002,2,521.9644
2017-08-11,708.726,3,235.90439999999998
2017-08-12,3693.084,4,888.6845
2017-08-13,2643.164,4,-1071.7151999999999
2017-08-14,440.736,2,12.3879
2017-08-15,1949.872,3,-289.18359999999996
2017-08-16,80.564,1,-12.0292
2017-08-17,9517.287999999999,5,605.8985000000001
2017-08-18,7078.4839999999995,8,1971.9705999999999
2017-08-19,512.446,4,225.0193
2017-08-20,692.95,5,183.6178
2017-08-21,8551.054,8,2245.6488
2017-08-22,524.54,2,-81.2501
2017-08-23,4590.344,1,358.546
2017-08-24,685.0560000000002,2,77.40599999999999
2017-08-25,361.988,4,-17.110799999999998
2017-08-26,190.66,3,-14.764999999999999
2017-08-27,6190.538,9,1008.8821
2017-08-28,1443.6319999999998,3,345.3009
2017-08-29,235.46800000000002,3,57.1282
2017-08-30,0.0,0,0.0
2017-08-31,3162.83,8,611.2385
2017-09-01,1261.81,5,340.5586
2017-09-02,9354.854,14,2600.1853
2017-09-03,1595.849,8,199.48180000000002
2017-09-04,5360.202,16,224.42510000000001
2017-09-05,327.044,3,-17.1944
2017-09-06,0.0,0,0.0
2017-09-07,3848.565,15,1248.2397
2017-09-08,2184.327,8,-510.96709999999996
2017-09-09,4356.061,12,-152.87539999999998
2017-09-10,2506.646,9,-977.3219
2017-09-11,5564.006,10,1032.8847
2017-09-12,491.54999999999995,4,219.391
2017-09-13,15.92,1,2.786
2017-09-14,4367.347,8,474.34169999999995
2017-09-15,7285.026,13,1934.9693
2017-09-16,849.65,7,-335.6626
2017-09-17,4979.226,6,769.2717
2017-09-18,1511.93,8,501.5421
2017-09-19,1648.188,7,53.989900000000006
2017-09-20,7359.918,1,1571.7964
2017-09-21,338.172,7,97.20689999999999
2017-09-22,7871.213,12,-145.57789999999994
2017-09-23,2395.786,11,115.1856
2017-09-24,6450.4619999999995,12,1000.4615
2017-09-25,1412.213,7,228.9978
2017-09-26,1486.576,3,314.9023
2017-09-27,0.0,0,0.0
2017-09-28,559.271,5,-46.377900000000004
2017-09-29,1944.08,9,39.560700000000026
2017-09-30,540.76,5,207.35469999999998
2017-10-01,2978.466,6,1013.0730000000001
2017-10-02,5418.022,10,-1095.5167000000001
2017-10-03,2504.48,6,943.3932
2017-10-04,19.98,1,8.5914
2017-10-05,6684.616,5,1475.2477000000001
2017-10-06,1499.652,6,348.323
2017-10-07,2749.21,5,218.4405
2017-10-08,608.356,3,148.0335
2017-10-09,1496.589,6,-467.1381
2017-10-10,239.358,1,-47.8716
2017-10-11,0.0,0,0.0
2017-10-12,5635.354,10,526.1517
2017-10-13,8405.802,6,2553.2419
2017-10-14,134.332,4,-28.5702
2017-10-15,1017.94,6,230.1392
2017-10-16,3473.5969999999998,5,-1100.3811
2017-10-17,126.352,3,23.0989
2017-10-18,0.0,0,0.0
2017-10-19,2781.8702000000003,9,-1430.7904
2017-10-20,1333.858,7,135.7559
2017-10-21,4537.201,10,444.7591
2017-10-22,15158.877,6,4539.8266
2017-10-23,3352.3940000000002,5,82.32130000000001
2017-10-24,529.0849999999999,2,-76.0505
2017-10-25,0.0,0,0.0
2017-10-26,999.868,5,107.72749999999999
2017-10-27,1086.32,6,103.8625
2017-10-28,408.726,4,36.1057
2017-10-29,46.96,1,22.5408
2017-10-30,4025.7299999999996,7,518.9913
2017-10-31,523.928,2,41.96940000000001
2017-11-01,2921.43,2,358.8969
2017-11-02,6294.386,12,929.1536
2017-11-03,4536.937,16,675.2008000000001
2017-11-04,10668.096,8,-3987.2422
2017-11-05,2355.064,8,525.4202
2017-11-06,4288.75,13,562.9598
2017-11-07,2413.378,7,119.64159999999995
2017-11-08,384.1,2,145.392
2017-11-09,4751.492,7,1219.0435
2017-11-10,4007.5480000000002,9,-111.13019999999997
2017-11-11,1815.2179999999998,12,283.24760000000003
2017-11-12,2911.386,14,-37.834999999999994
2017-11-13,6633.4202000000005,14,-398.42480000000006
2017-11-14,834.6579999999999,8,31.053600000000003
2017-11-15,559.2,1,55.016
2017-11-16,4755.234,12,539.0093
2017-11-17,13694.8828,12,5895.3981
2017-11-18,1469.756,8,253.8081
2017-11-19,7397.272,15,-1659.0309000000002
2017-11-20,2988.274,9,555.2368
2017-11-21,2236.1839999999997,7,301.3298
2017-11-22,35.712,1,2.232
2017-11-23,1153.109,9,213.4873
2017-11-24,4959.641,15,935.9258
2017-11-25,3666.157,8,-58.567800000000005
2017-11-26,5048.1720000000005,8,1251.3573999999999
2017-11-27,1618.254,7,643.252
2017-11-28,6912.944,5,328.9202
2017-11-29,491.888,1,67.831
2017-11-30,6645.282,11,49.52120000000001
2017-12-01,5331.178,14,718.892
2017-12-02,9951.182,16,-7.340999999999886
2017-12-03,1403.842,8,280.7407
2017-12-04,2639.638,10,-21.988099999999974
2017-12-05,1453.136,8,447.6235
2017-12-06,10.68,1,2.8836
2017-12-07,2916.514,7,-2686.6673
2017-12-08,7643.041,9,1154.6045
2017-12-09,5470.39,15,1487.1417999999999
2017-12-10,3873.5589999999997,12,715.5696
2017-12-11,2823.965,11,-82.40890000000005
2017-12-12,0.0,0,0.0
2017-12-13,580.936,3,99.2154
2017-12-14,3897.714,6,215.25000000000006
2017-12-15,306.88800000000003,3,52.5946
2017-12-16,858.702,5,171.2212
2017-12-17,2027.758,9,303.0905
2017-12-18,3645.911,9,840.8157
2017-12-19,1895.926,3,-152.4596
2017-12-20,377.736,2,176.91150000000002
2017-12-21,2140.94,8,570.7615
2017-12-22,7442.021,12,957.1227000000001
2017-12-23,1926.776,7,284.0978
2017-12-24,6233.054,11,1568.2397
2017-12-25,2698.927,10,359.20029999999997
2017-12-26,814.5939999999999,4,61.1202
2017-12-27,177.636,1,-31.974200000000003
2017-12-28,1657.3508000000002,10,253.1188
2017-12-29,2915.534,6,644.4338
2017-12-30,713.7900000000001,4,101.5365
